{
    "DIM": [
        1920,
        1080
    ],
    "K": [
        [
            619.5652814977908,
            0.0,
            969.5388962179674
        ],
        [
            0.0,
            618.9377691081634,
            542.8127134871911
        ],
        [
            0.0,
            0.0,
            1.0
        ]
    ],
    "D": [
        [
            -0.016798242339239152
        ],
        [
            -0.1640044269286942
        ],
        [
            0.23083367730356597
        ],
        [
            -0.06840244901906237
        ]
    ],
    "mtx_pinhole": [
        [
            624.4433889645336,
            0.0,
            962.4280213828921
        ],
        [
            0.0,
            625.7126261306403,
            550.6935915588089
        ],
        [
            0.0,
            0.0,
            1.0
        ]
    ],
    "dist_pinhole": [
        [
            -0.012616709077044558,
            0.04089173463076622,
            0.001957291052564099,
            0.0006626676413846621,
            -0.05814174381740205
        ]
    ]
}