{
    "DIM": [
        1920,
        1080
    ],
    "K": [
        [
            621.581166885856,
            0.0,
            968.8461411271767
        ],
        [
            0.0,
            620.8000448525512,
            539.6469269315296
        ],
        [
            0.0,
            0.0,
            1.0
        ]
    ],
    "D": [
        [
            -0.03076538160790376
        ],
        [
            -0.10221919418966144
        ],
        [
            0.10624520813637088
        ],
        [
            0.01687379204171842
        ]
    ],
    "mtx_pinhole": [
        [
            629.1532651106515,
            0.0,
            960.2604465013299
        ],
        [
            0.0,
            629.7686285610497,
            549.1102085435245
        ],
        [
            0.0,
            0.0,
            1.0
        ]
    ],
    "dist_pinhole": [
        [
            -0.023015371941692297,
            0.06793886906253216,
            0.002032572435312909,
            0.00022762515224144364,
            -0.08484326423410672
        ]
    ]
}