{
    "DIM": [
        1920,
        1080
    ],
    "K": [
        [
            619.5652814977908,
            0.0,
            969.5388962179674
        ],
        [
            0.0,
            618.9377691081634,
            542.8127134871911
        ],
        [
            0.0,
            0.0,
            1.0
        ]
    ],
    "D": [
        [
            -0.016798242339239152
        ],
        [
            -0.1640044269286942
        ],
        [
            0.23083367730356597
        ],
        [
            -0.06840244901906237
        ]
    ]
}